bairro,2000,2010,2022,delta 00 - 10,delta 10 - 22,renda_media_2022,renda_mediana_2022,renda_2000_em_R$2022,renda_2010_em_R$2022,crescimento_nominal_2000_2022_%,crescimento_real_2000_2022_%,crescimento_real_2010_2022_%,gap_media_mediana_2022,media_mediana_ratio_2022
Unileste,1351.70593220339,3195.3809523809523,17049.62,1.363961625271721,4.335708090547367,17049.62,12500.0,5261.590858420079,6533.982732823797,1161.3409169705826,224.03925844434744,160.93763478055058,4549.619999999999,1.3639696
Morato,912.9852362204724,9358.11098901099,14384.62,9.250013491730925,0.5371285953854922,14384.62,11000.0,3553.8460387901273,19135.66379886108,1475.5588841226704,304.7620477362353,-24.828215257125553,3384.620000000001,1.3076927272727275
Monte Alegre,889.6416666666667,5492.046511627907,12007.46,5.173324291571971,1.1863361817088556,12007.46,4500.0,3462.9798901397444,11230.253171567296,1249.6962260085988,246.73779175528082,6.920652781011483,7507.459999999999,2.668324444444444
Santa Rosa,742.0866718027735,2477.126213592233,8287.93,2.338055119052975,2.3457843021979743,8287.93,3500.0,2888.613829006514,5065.280211605646,1016.8412417199035,186.9172028734101,63.622339806800234,4787.93,2.36798
Cidade Jardim,2442.1479357798166,7965.036496350365,8248.31,2.261488126765344,0.03556462092539464,8248.31,5200.0,9506.197278325684,16287.075534666967,237.74817156464286,-13.23228670199904,-49.356715498472944,3048.3099999999995,1.5862134615384615
Nova Piracicaba,2022.2701231060605,6602.290953545233,8008.18,2.2647918189112106,0.2129395775416179,8008.18,5000.0,7871.799434693796,13500.504550294465,295.99952095914944,1.7325208351362198,-40.682365091122975,3008.1800000000003,1.601636
Centro,1773.3736836449602,5179.512560929884,7281.06,1.920711302247368,0.4057423192526872,7281.06,4500.0,6902.956138706263,10591.177121570665,310.5767479888751,5.477419437357178,-31.25353380059209,2781.0600000000004,1.6180133333333335
Jardim Elite,1972.1068059299191,4427.481116584565,7081.17,1.2450513852858232,0.5993676344491191,7081.17,5000.0,7676.535920053617,9053.40727656001,259.0662523301305,-7.7556586232903175,-21.784475350692432,2081.17,1.416234
São Dimas,1545.2934315531002,5300.5756756756755,6809.11,2.430141853607908,0.28459820529437646,6809.11,4000.0,6015.14101501551,10838.729545872831,340.63540690498445,13.199507426384805,-37.17796932581668,2809.1099999999997,1.7022774999999999
São Judas,1638.7769171185128,7745.082840236686,6608.51,3.726136156381179,-0.1467476673499276,6608.51,4000.0,6379.030705328868,15837.309634298383,303.25866998540886,3.5974006909769374,-58.27252132718205,2608.51,1.6521275
Taquaral,862.4764705882353,,6546.64,,,6546.64,4000.0,3357.237846735028,,659.0514319231215,95.00078036969353,,2546.6400000000003,1.63666
Jardim Abaeté,1693.513005780347,5699.823834196891,6404.5,2.3656805792114315,0.123631218490527,6404.5,3900.0,6592.093988449417,11655.120646891797,278.1783770269244,-2.84574201730311,-45.049903866006225,2504.5,1.6421794871794873
Cidade Alta,1403.7847300655071,4183.664295485636,5896.4,1.9802748283851235,0.40938650511765085,5896.4,3600.0,5464.310488644792,8554.845470386215,320.0359124667816,7.907484617741245,-31.075318421458263,2296.3999999999996,1.6378888888888887
Santa Cecília,1574.7388825541618,4901.859375,5737.33,2.1128077354954145,0.1704395334678486,5737.33,4000.0,6129.759078100204,10023.425999055025,264.3353233708363,-6.40203102765059,-42.760788571283946,1737.33,1.4343325
Vila Independência,1216.0276953511375,3937.5693717277486,5420.52,2.2380589576874272,0.3766157464856434,5420.52,3000.0,4733.455741379734,8051.625351585832,345.7562949201402,14.515066711493052,-32.67794062310182,2420.5200000000004,1.8068400000000002
Nova América,1297.0478520935292,3471.840490797546,5354.9,1.6767250608323696,0.5423807672598115,5354.9,3600.0,5048.831227946279,7099.293059591716,312.8529253070195,6.062170792312682,-24.571362880067348,1754.8999999999996,1.487472222222222
Ondinhas,754.4280303030303,2225.0697674418607,5228.89,1.949346628263692,1.3499892347248061,5228.89,3000.0,2936.65325645771,4549.869845396793,593.093282589158,78.05609118140366,14.923946786965514,2228.8900000000003,1.7429633333333334
Ondas,830.498046875,2422.2755102040815,5212.63,1.916654071997671,1.1519558687858864,5212.63,3000.0,3232.760045855683,4953.1203301510195,527.6510847453642,61.24395024871892,5.239316886151002,2212.63,1.7375433333333334
Castelinho,1249.8102222222221,4839.497272018706,5190.04,2.8721857014530165,0.07243370711418368,5190.04,4000.0,4864.956114592925,9895.906648425256,315.2662466443795,6.682154530273232,-47.55366855824277,1190.04,1.29751
Dois Córregos,1135.6008298755187,3282.5860373647984,5104.52,1.8906160959081246,0.5550300713817141,5104.52,3500.0,4420.389674215191,6712.3015398738025,349.4994953957143,15.47669721914895,-23.952760916995842,1604.5200000000004,1.4584342857142858
Clube de Campo,1760.7169811320755,4160.43961352657,4991.69,1.3629235465495209,0.19979869044868215,4991.69,2525.0,6853.689217068225,8507.355148212644,183.5032576780471,-27.16783848954163,-41.32500744313313,2466.6899999999996,1.976906930693069
Vila Monteiro,1460.0661114003124,4007.5880201188843,4968.88,1.744799012063439,0.23986796423565496,4968.88,3500.0,5683.388909827534,8194.8009686347,240.3188363323133,-12.57188133988205,-39.365458428847674,1468.88,1.41968
Higienópolis,1239.0699588477366,3100.1064356435645,4364.37,1.5019623900223391,0.40781295436199483,4364.37,3000.0,4823.149039369026,6339.163380603409,252.22950639999468,-9.512022863573877,-31.152271396662336,1364.37,1.45479
Glebas Califórnia,1162.2109621451104,2802.515679442509,4352.32,1.4113657250916503,0.553004692150656,4352.32,3001.0,4523.971100733607,5730.643491600247,274.4862285558602,-3.7942572335568747,-24.051810126045005,1351.3199999999997,1.4502899033655448
Morumbi,1007.3954002653693,3120.760732113145,4204.83,2.0978508848571975,0.3473734005723677,4204.83,3000.0,3921.342876856696,6381.397724020367,317.39618811961606,7.229337807117342,-34.10800921916366,1204.83,1.40161
Jardim Monumento,1543.5513902681232,3765.4246004169563,4094.09,1.4394552874348303,0.08728508321389565,4094.09,3000.0,6008.360021989102,7699.620072699598,165.23833451951572,-31.860108498547856,-46.82737639852724,1094.0900000000001,1.3646966666666667
Santa Helena,,,4082.2,,,4082.2,3000.0,,,,,,1082.1999999999998,1.3607333333333334
Santa Rita,722.4654605263158,2208.1970588235295,4026.84,2.0564742253766135,0.8235872491132639,4026.84,2500.0,2812.2371679120033,4515.368173010595,457.3747424640133,43.18991463261972,-10.819232325962712,1526.8400000000001,1.6107360000000002
Água das Pedras,,,3918.3,,,3918.3,2500.0,,,,,,1418.3000000000002,1.56732
Jardim Califórnia,844.2596774193548,2358.1556420233464,3777.87,1.7931638867694255,0.6020443827696246,3777.87,3000.0,3286.3279615865113,4822.006663966183,347.477251495393,14.957181515632767,-21.653571567388973,777.8699999999999,1.25929
Bairro Verde,1301.485602094241,3294.0529247910863,3750.53,1.5309945184876221,0.1385761205515131,3750.53,3000.0,5066.10541775296,6735.749274450417,188.17299199967817,-25.968180866170677,-44.319037909765235,750.5300000000002,1.2501766666666667
Jardim Caxambú,1031.9145161290323,3408.1305555555555,3731.25,2.3027256640795204,0.09480841158438932,3731.25,2950.0,4016.7849051938033,6969.017632973081,261.5851838189897,-7.108543572363047,-46.459455313385455,781.25,1.2648305084745763
Vila Rezende,1105.6150540275048,3033.560975609756,3664.45,1.743776836756321,0.2079697851675564,3664.45,2680.0,4303.668366476783,6203.089812760196,231.43995160442503,-14.852872295085373,-40.92540797229848,984.4499999999998,1.3673320895522387
Jardim São Francisco,719.0250783699059,2494.849891225526,3630.86,2.469767559264516,0.45534206798166954,3630.86,2400.0,2798.8452881603694,5101.521963479326,404.96986951157305,29.727070494364447,-28.827906142666272,1230.8600000000001,1.5128583333333334
Areião,844.0802997858673,2880.6378600823045,3621.48,2.4127533373460874,0.257179894142101,3621.48,2700.0,3285.6297241266634,5890.389383235051,329.04448793778556,10.221793204729025,-38.51883526906921,921.48,1.341288888888889
Água Branca,754.9412081155856,2490.3809829746224,3611.44,2.298774733983433,0.45015562867265985,3611.44,2700.0,2938.65082976338,5092.3838451200045,378.37367482092316,22.894491697429498,-29.081543932301614,911.44,1.3375703703703703
Conceição,674.9087837837837,2715.090909090909,3549.95,3.0229005375646816,0.3074884484028661,3549.95,2500.0,2627.1201467878445,5551.875467251601,425.98959819395014,35.12705173916355,-36.05854416332277,1049.9499999999998,1.41998
Piracicamirim,963.309067357513,2878.5751161590088,3529.59,1.9882155309254272,0.22615872699881637,3529.59,2800.0,3749.7343629907245,5886.171440718054,266.4026551397614,-5.8709322229199445,-40.0358953940114,729.5900000000001,1.2605678571428571
Paulicéia,747.6763656114215,2324.898035050451,3444.73,2.1094978281802947,0.4816692810036497,3444.73,2500.0,2910.3720244425645,4754.000803965666,360.72474113623076,18.3604697636476,-27.54039929638854,944.73,1.3778920000000001
Pompéia,674.0569221967963,2474.0740584003383,3429.61,2.670423041331831,0.3862196195604114,3429.61,2500.0,2623.8042279685596,5059.039099945117,408.8012431980778,30.711352754215326,-32.208272514889124,929.6100000000001,1.371844
Dona Antônia,,,3341.69,,,3341.69,2500.0,,,,,,841.69,1.336676
Campestre,822.4827995255041,2555.7649219467403,3339.7,2.1073779578383625,0.3067320751300287,3339.7,2200.0,3201.560247750678,5226.082310065004,306.05104470594347,4.314763476538497,-36.09553386543467,1139.6999999999998,1.5180454545454545
Nhô Quim,856.5589285714286,2485.4574522949974,3287.5,1.901677128554658,0.3226941370347822,3287.5,2400.0,3334.2034838324453,5082.31610517769,283.80313255071684,-1.4007388588882064,-35.31492469248799,887.5,1.3697916666666667
Vila Fátima,781.3575778078484,2411.492362982929,3156.09,2.086285244392886,0.30877047277729325,3156.09,2500.0,3041.478024624386,4931.070722045291,303.9238998429662,3.768298651106261,-35.99584800335355,656.0900000000001,1.2624360000000001
Guamium,795.5281385281386,2280.286703601108,3152.28,1.8663809526838653,0.38240511380512376,3152.28,2500.0,3096.6377239112176,4662.778607388105,296.2499687103778,1.7968610166804844,-32.39481722324843,652.2800000000002,1.260912
Paulista,883.9175661559889,2399.8213572854293,3147.23,1.714983216955236,0.3114434499241252,3147.23,2300.0,3440.6985091069887,4907.205602099161,256.05469565298745,-8.529329388501306,-35.86512864564497,847.23,1.3683608695652174
Vale do Sol,693.4234972677596,1869.2186379928316,3064.16,1.6956378682839022,0.6392731902621607,3064.16,2000.0,2699.1897034071285,3822.217909704024,341.8886888133242,13.521476320548253,-19.8329328053074,1064.1599999999999,1.5320799999999999
Jardim Jupiá,818.8149350649351,3435.7019405700426,3013.11,3.1959443989594285,-0.12300017518397625,3013.11,2500.0,3187.282880421088,7025.39618573076,267.9842502825195,-5.4646194566224775,-57.111173230060544,513.1100000000001,1.205244
Parque da Rua do Porto,1410.6771844660195,2127.9224137931033,2845.11,0.5084403697920308,0.3370365298838516,2845.11,1500.0,5491.139752467507,4351.22087654457,101.68398775634509,-48.18725932587097,-34.613523865527505,1345.1100000000001,1.89674
Jaraguá,622.3626453488372,2280.371969248965,2830.22,2.664056617618504,0.24112207927732338,2830.22,2200.0,2422.5813672739364,4662.9529603929905,354.7541567848514,16.826622966425585,-39.30412714775766,630.2199999999998,1.2864636363636364
Vila Industrial,845.5546092184369,2432.941094941095,2785.82,1.8773317162683452,0.14504210800362555,2785.82,2000.0,3291.3685559598907,4974.929543996144,229.46659738215956,-15.359828210197291,-44.002825057854544,785.8200000000002,1.39291
São Jorge,440.52323008849555,1794.0149739583333,2747.59,3.07246395064782,0.5315312524608917,2747.59,2200.0,1714.761284340171,3668.4398627139285,523.7105814937487,60.231632536376914,-25.10194788998611,547.5900000000001,1.2489045454545455
Chicó,,,2695.74,,,2695.74,2400.0,,,,,,295.7399999999998,1.123225
Santa Terezinha,746.4324769433465,2165.279795534033,2647.64,1.9008381366267582,0.22277038074287311,2647.64,2000.0,2905.5301183083157,4427.610042930776,254.70589527965478,-8.875837035152367,-40.20159918493087,647.6399999999999,1.32382
Jardim Primavera,676.0785498489425,2549.2658450704225,2617.46,2.770665177352557,0.026750507429990564,2617.46,2105.0,2631.6735265491484,5212.792859848587,287.15323841953335,-0.5400945978198957,-49.78776117959869,512.46,1.2434489311163897
CECAP,726.2210542352225,2294.6759116589624,2587.83,2.159748534246872,0.12775402698549201,2587.83,2000.0,2826.8560262420187,4692.201965163013,256.34191337584156,-8.455542978599318,-44.84828191085556,587.8299999999999,1.293915
Parque Residencial Piracicaba,681.2827889447236,2026.499796001632,2543.88,1.9745354335761054,0.25530730623273723,2543.88,2100.0,2651.93131798072,4143.829756911879,273.3956062416248,-4.074438777810963,-38.61041236655956,443.8800000000001,1.2113714285714285
Itaperu,,,2482.63,,,2482.63,1600.0,,,,,,882.6300000000001,1.55164375
Algodoal,733.1859201773835,3100.9701754385965,2379.07,3.229445888279418,-0.23279816786257607,2379.07,2000.0,2853.9671560361003,6340.929574052796,224.4838634414064,-16.63989562850081,-62.480737686549936,379.07000000000016,1.189535
Vila Sônia,595.1832891748675,1824.0303742542035,2276.61,2.064653204196893,0.24812066297461968,2276.61,2000.0,2316.7842049062388,3729.8159897468813,282.50569890095187,-1.7340503626173676,-38.96186819247083,276.6100000000001,1.1383050000000001
Vila Cristina,536.5244371615845,1806.7221951219512,2243.91,2.3674555527800174,0.24197843257720042,2243.91,1800.0,2088.451346282618,3694.42385801921,318.23071692151166,7.443728770320335,-39.26224801928691,443.90999999999985,1.2466166666666665
Jardim Planalto,565.2276825969342,1622.1993620414673,2228.62,1.8699927692647411,0.37382620912597236,2228.62,2000.0,2200.180332737121,3317.1076559365642,294.2871286417931,1.2926061941249456,-32.8143602450924,228.6199999999999,1.11431
Jardim Itapuã,652.8718106995884,2063.1289537712896,2223.11,2.1600827604434816,0.07754292136527564,2223.11,1629.5,2541.339997892556,4218.729835478876,240.51248094443136,-12.522133919760936,-47.30380738524702,593.6100000000001,1.3642896594047254
Novo Horizonte,454.1004169562196,1588.774124679761,2035.35,2.498728618945392,0.28108204204940235,2035.35,1800.0,1767.6112427551857,3248.7590217622283,348.21584037352477,15.146925453330361,-37.34992388275192,235.3499999999999,1.13075
Mário Dedini,524.3869137670197,2114.0275246419938,2021.17,3.03142692760109,-0.04392446340438207,2021.17,1600.0,2041.2053583682195,4322.808312552724,285.4348663052235,-0.981545452351551,-53.244052156306466,421.1700000000001,1.26323125
Monte Líbano,498.3640710382514,1776.7696319018405,2015.89,2.5652041051038497,0.1345815258234727,2015.89,1800.0,1939.909989198242,3633.1762215712965,304.5014713440834,3.916677125476342,-44.514389694861634,215.8900000000001,1.119938888888889
Cidade Judiciária,,,1670.5,,,1670.5,1200.0,,,,,,470.5,1.3920833333333333
